model,test_accuracy,test_f1,time_train,test_prec,test_rec
efficientnet_v2_s,0.9227941176470589,0.8407208117544115,16120.920952796936,0.936909361474579,0.8254477101709409
convnext_tiny,0.9227941176470589,0.8700041179102147,16386.326076984406,0.9237494697909931,0.8624393429514441
vit_b_16,0.8933823529411765,0.8045489830212251,17089.564665555954,0.9015506240990434,0.7847836576299874
vgg16,0.8952205882352942,0.8638659116818647,16907.59822702408,0.8888345485020892,0.8459627711848609
resnet50,0.8952205882352942,0.8451293202919707,16423.50127363205,0.887131803042267,0.8210052315645399
yolov12s-cls.pt,0.9172794222831726,0.9558823704719543,10451.310683012009,0.8572830387386898,0.8887609524178881
